function,arguments,predicted_function,predicted_arguments
VWTurn,"{""angle"": 10, ""ang_speed"": 50}",VWTurn,"{""angle"": 10, ""ang_speed"": 50}"
VWTurn,"{""angle"": 10, ""ang_speed"": 50}",VWTurn,"{""angle"": 10, ""ang_speed"": 50}"
VWTurn,"{""angle"": 10, ""ang_speed"": 50}",VWTurn,"{""angle"": 10, ""ang_speed"": 50}"
VWTurn,"{""angle"": 10, ""ang_speed"": 50}",VWTurn,"{""angle"": 10, ""ang_speed"": 50}"
VWTurn,"{""angle"": 10, ""ang_speed"": 50}",VWTurn,"{""angle"": 10, ""ang_speed"": 50}"
VWTurn,"{""angle"": 10, ""ang_speed"": 50}",VWTurn,"{""angle"": 10, ""ang_speed"": 50}"
VWTurn,"{""angle"": 10, ""ang_speed"": 50}",VWTurn,"{""angle"": 10, ""ang_speed"": 50}"
VWTurn,"{""angle"": 10, ""ang_speed"": 50}",VWTurn,"{""angle"": 10, ""ang_speed"": 50}"
VWTurn,"{""angle"": 10, ""ang_speed"": 50}",VWTurn,"{""angle"": 10, ""ang_speed"": 50}"
VWStraight,"{""dist"": 100, ""lin_speed"": 100}",VWStraight,"{""dist"": 100, ""lin_speed"": 100}"
VWTurn,"{""angle"": 10, ""ang_speed"": 50}",VWTurn,"{""angle"": 10, ""ang_speed"": 50}"
VWStraight,"{""dist"": 100, ""lin_speed"": 100}",VWStraight,"{""dist"": 100, ""lin_speed"": 100}"
VWStraight,"{""dist"": 100, ""lin_speed"": 100}",VWStraight,"{""dist"": 100, ""lin_speed"": 100}"
VWStraight,"{""dist"": 100, ""lin_speed"": 100}",VWStraight,"{""dist"": 100, ""lin_speed"": 100}"
VWStraight,"{""dist"": 100, ""lin_speed"": 100}",VWStraight,"{""dist"": 100, ""lin_speed"": 100}"
VWTurn,"{""angle"": 10, ""ang_speed"": 50}",VWTurn,"{""angle"": 10, ""ang_speed"": 50}"
VWStraight,"{""dist"": 100, ""lin_speed"": 100}",VWTurn,"{""angle"": 10, ""ang_speed"": 50}"
VWTurn,"{""angle"": -10, ""ang_speed"": 50}",VWTurn,"{""angle"": -10, ""ang_speed"": 50}"
VWStraight,"{""dist"": 100, ""lin_speed"": 100}",VWTurn,"{""angle"": 10, ""ang_speed"": 50}"
